name,datetime,temp,feelslike,dew,humidity,precip,precipprob,preciptype,snow,snowdepth,windgust,windspeed,winddir,sealevelpressure,cloudcover,visibility,solarradiation,solarenergy,uvindex,severerisk,conditions,icon,stations
"51.751111, 4.208611",2025-08-20T00:00:00,16.6,16.6,13.7,83.12,0,0,,0,0,31.3,17,27,1013.5,96.5,10,0,0,0,10,Overcast,cloudy,"EHFS,EHRD,E7651,EHWO,EHGR"
"51.751111, 4.208611",2025-08-20T01:00:00,16.5,16.5,13.6,83.1,0,0,,0,0,31.3,14.8,23,1013.7,56.6,10,0,0,0,10,Partially cloudy,partly-cloudy-night,"EHFS,EHRD,E7651,EHWO,EHGR"
"51.751111, 4.208611",2025-08-20T02:00:00,15.9,15.9,13.5,85.33,0,0,,0,0,23.8,14.3,25,1014,100,10,0,0,0,10,Overcast,cloudy,"EHFS,EHRD,E7651,EHWO,EHGR"
"51.751111, 4.208611",2025-08-20T03:00:00,15.9,15.9,13.4,84.66,0,0,,0,0,24.5,16,27,1014,98.5,10,0,0,0,10,Overcast,cloudy,"EHFS,EHRD,E7651,EHWO,EHGR"
"51.751111, 4.208611",2025-08-20T04:00:00,15.7,15.7,13.1,84.34,0,0,,0,0,22.7,11.7,37,1014,98.5,10,0,0,0,10,Overcast,cloudy,"EHFS,EHRD,E7651,EHWO,EHGR"
"51.751111, 4.208611",2025-08-20T05:00:00,15.7,15.7,13,83.68,0,0,,0,0,20.9,8.9,24,1014,100,10,0,0,0,10,Overcast,cloudy,"EHFS,EHRD,E7651,EHWO,EHGR"
"51.751111, 4.208611",2025-08-20T06:00:00,15.8,15.8,12.5,80.79,0,0,,0,0,19.4,10.3,31,1013.1,90.9,10,0,0,0,10,Overcast,cloudy,"EHFS,EHRD,E7651,EHWO,EHGR"
"51.751111, 4.208611",2025-08-20T07:00:00,15.9,15.9,12.5,80.56,0,0,,0,0,22.3,8.8,24,1013.1,92.4,10,4,0,0,10,Overcast,cloudy,"EHFS,EHRD,E7651,EHWO,EHGR"
"51.751111, 4.208611",2025-08-20T08:00:00,16.5,16.5,12.2,75.54,0,0,,0,0,27.4,9.8,19,1013.6,100,10,30,0.1,0,10,Overcast,cloudy,"EHFS,EHRD,E7651,EHWO,EHGR"
"51.751111, 4.208611",2025-08-20T09:00:00,16.8,16.8,11.9,72.5,0,0,,0,0,31.3,11.5,18,1013.5,100,9.6,57,0.2,1,10,Overcast,cloudy,"EHFS,EHRD,E7651,EHWO,EHGR"
"51.751111, 4.208611",2025-08-20T10:00:00,17.5,17.5,11.2,66.19,0,0,,0,0,31.7,15.8,20,1013.6,100,10,184,0.7,2,10,Overcast,cloudy,"EHFS,EHRD,E7651,EHWO,EHGR"
"51.751111, 4.208611",2025-08-20T11:00:00,18.4,18.4,10.7,60.92,0,0,,0,0,31.7,16.8,23,1014,93,10,397,1.4,4,10,Overcast,cloudy,"EHFS,EHRD,E7651,EHWO,EHGR"
"51.751111, 4.208611",2025-08-20T12:00:00,19.1,19.1,11.1,59.62,0,0,,0,0,30.2,16.9,18,1014,70.9,10,429,1.5,4,10,Partially cloudy,partly-cloudy-day,"EHFS,EHRD,E7651,EHWO,EHGR"
"51.751111, 4.208611",2025-08-20T13:00:00,20.5,20.5,10.8,53.73,0,0,,0,0,28.8,16.7,16,1013.6,61.7,10,717,2.6,7,10,Partially cloudy,partly-cloudy-day,"EHFS,EHRD,E7651,EHWO,EHGR"
"51.751111, 4.208611",2025-08-20T14:00:00,21.4,21.4,11,51.32,0,0,,0,0,31,17.1,26,1013,25,10,789,2.8,8,10,Partially cloudy,partly-cloudy-day,"EHFS,EHRD,E7651,EHWO,EHGR"
"51.751111, 4.208611",2025-08-20T15:00:00,21.8,21.8,10.8,49.62,0,0,,0,0,38.9,17.6,22,1012.6,54.8,10,781,2.8,8,10,Partially cloudy,partly-cloudy-day,"EHFS,EHRD,E7651,EHWO,EHGR"
"51.751111, 4.208611",2025-08-20T16:00:00,22.2,22.2,12.3,53.43,0,0,,0,0,27.7,18.4,11,1012.1,54.8,10,556,2,6,10,Partially cloudy,partly-cloudy-day,"EHFS,EHRD,E7651,EHWO,EHGR"
"51.751111, 4.208611",2025-08-20T17:00:00,22.4,22.4,12.1,52.11,0,0,,0,0,32.4,21.6,357.8,1012,47.4,24.1,577,2.1,6,10,Partially cloudy,partly-cloudy-day,
"51.751111, 4.208611",2025-08-20T18:00:00,21.9,21.9,13.3,58.12,0,0,,0,0,34.9,23,355.7,1012,35.7,24.1,449,1.6,4,10,Partially cloudy,partly-cloudy-day,
"51.751111, 4.208611",2025-08-20T19:00:00,21.4,21.4,14.4,64.36,0,0,,0,0,35.3,23.8,353.4,1011,35.1,24.1,273,1,3,10,Partially cloudy,partly-cloudy-day,
"51.751111, 4.208611",2025-08-20T20:00:00,21,21,15.1,69.01,0,0,,0,0,35.3,21.2,347.7,1011,25.2,24.1,127,0.5,1,10,Partially cloudy,partly-cloudy-day,
"51.751111, 4.208611",2025-08-20T21:00:00,20.6,20.6,14,65.88,0,0,,0,0,30.6,15.8,20.6,1011,27.6,24.1,24,0.1,0,10,Partially cloudy,partly-cloudy-night,
"51.751111, 4.208611",2025-08-20T22:00:00,19.7,19.7,11.8,60.31,0,0,,0,0,29.5,20.2,26.7,1012,41.3,24.1,0,0,0,10,Partially cloudy,partly-cloudy-night,
"51.751111, 4.208611",2025-08-20T23:00:00,19,19,11.7,62.59,0,0,,0,0,31.7,20.9,30.3,1013,49.9,24.1,0,0,0,10,Partially cloudy,partly-cloudy-night,
"51.751111, 4.208611",2025-08-21T00:00:00,18.5,18.5,11.2,62.47,0,0,,0,0,31,20.5,34.7,1013,69.5,24.1,0,0,0,10,Partially cloudy,partly-cloudy-night,
"51.751111, 4.208611",2025-08-21T01:00:00,17.5,17.5,11.3,66.97,0,0,,0,0,30.2,18.7,31.4,1013,21.2,24.1,0,0,0,10,Partially cloudy,partly-cloudy-night,
"51.751111, 4.208611",2025-08-21T02:00:00,16.5,16.5,11.7,73.26,0,0,,0,0,27.7,16.6,26,1013,0,24.1,0,0,0,10,Clear,clear-night,
"51.751111, 4.208611",2025-08-21T03:00:00,15.8,15.8,12.3,79.7,0,0,,0,0,24.5,16.6,19.4,1012,0,24.1,0,0,0,10,Clear,clear-night,
"51.751111, 4.208611",2025-08-21T04:00:00,15.3,15.3,12.6,83.93,0,0,,0,0,25.6,17.3,15.8,1012,0,24.1,0,0,0,10,Clear,clear-night,
"51.751111, 4.208611",2025-08-21T05:00:00,15.2,15.2,13,86.71,0,0,,0,0,26.6,18.4,15.6,1012,13.4,24.1,0,0,0,10,Clear,clear-night,
"51.751111, 4.208611",2025-08-21T06:00:00,15.1,15.1,13.1,87.84,0,0,,0,0,27,18.4,16.9,1012,30.2,24.1,0,0,0,10,Partially cloudy,partly-cloudy-night,
"51.751111, 4.208611",2025-08-21T07:00:00,15.3,15.3,13,86.16,0,0,,0,0,27.7,19.1,15.7,1012,46.1,24.1,2,0,0,10,Partially cloudy,partly-cloudy-day,
"51.751111, 4.208611",2025-08-21T08:00:00,16.3,16.3,13,80.82,0,0,,0,0,30.6,20.9,17.8,1013,56.4,24.1,76,0.3,1,10,Partially cloudy,partly-cloudy-day,
"51.751111, 4.208611",2025-08-21T09:00:00,17.6,17.6,12.8,73.46,0,0,,0,0,36,24.1,21.4,1013,46.5,24.1,226,0.8,2,10,Partially cloudy,partly-cloudy-day,
"51.751111, 4.208611",2025-08-21T10:00:00,18.7,18.7,12.5,67.22,0,0,,0,0,38.2,24.8,26.1,1014,31.4,24.1,386,1.4,4,10,Partially cloudy,partly-cloudy-day,
"51.751111, 4.208611",2025-08-21T11:00:00,19.5,19.5,11.9,61.47,0,0,,0,0,38.2,23.8,23.6,1014,41.3,24.1,533,1.9,5,10,Partially cloudy,partly-cloudy-day,
"51.751111, 4.208611",2025-08-21T12:00:00,20.1,20.1,11.7,58.45,0,0,,0,0,36.4,22.7,17.2,1014,61,24.1,616,2.2,6,10,Partially cloudy,partly-cloudy-day,
"51.751111, 4.208611",2025-08-21T13:00:00,20.5,20.5,11.6,56.65,0,0,,0,0,36,23.4,5.6,1014,68.1,24.1,590,2.1,6,10,Partially cloudy,partly-cloudy-day,
"51.751111, 4.208611",2025-08-21T14:00:00,20.5,20.5,11.2,55.17,0,0,,0,0,40,26.6,0.2,1014,60.2,24.1,752,2.7,8,10,Partially cloudy,partly-cloudy-day,
"51.751111, 4.208611",2025-08-21T15:00:00,20.1,20.1,11.5,57.68,0,0,,0,0,47.2,31.3,356,1014,46.8,24.1,755,2.7,8,10,Partially cloudy,partly-cloudy-day,
"51.751111, 4.208611",2025-08-21T16:00:00,19.8,19.8,10.9,56.47,0,0,,0,0,49,32,357.5,1015,39.4,24.1,699,2.5,7,10,Partially cloudy,partly-cloudy-day,
"51.751111, 4.208611",2025-08-21T17:00:00,19.5,19.5,9,50.66,0,0,,0,0,49.3,31,357.6,1015,7.7,24.1,600,2.2,6,10,Clear,clear-day,
"51.751111, 4.208611",2025-08-21T18:00:00,18.6,18.6,10.4,58.87,0,0,,0,0,49.3,31.7,358.1,1015,39.1,24.1,466,1.7,5,10,Partially cloudy,partly-cloudy-day,
"51.751111, 4.208611",2025-08-21T19:00:00,18,18,10.3,60.72,0,0,,0,0,47.9,30.2,1.3,1016,48.2,24.1,308,1.1,3,10,Partially cloudy,partly-cloudy-day,
"51.751111, 4.208611",2025-08-21T20:00:00,17.2,17.2,9.8,61.76,0,0,,0,0,46.1,27.7,2.4,1016,18.7,24.1,149,0.5,1,10,Clear,clear-day,
"51.751111, 4.208611",2025-08-21T21:00:00,16.6,16.6,11.4,71.37,0,45.2,rain,0,0,40.7,23,4,1017,60.5,24.1,24,0.1,0,10,"Rain, Partially cloudy",rain,
"51.751111, 4.208611",2025-08-21T22:00:00,16.3,16.3,10.4,68.07,0,45.2,rain,0,0,36.7,20.5,7.4,1017,21.7,24.1,0,0,0,10,"Rain, Partially cloudy",rain,
"51.751111, 4.208611",2025-08-21T23:00:00,15.8,15.8,10.7,71.69,0,45.2,rain,0,0,30.2,16.6,6.7,1018,35.6,24.1,0,0,0,10,"Rain, Partially cloudy",rain,
"51.751111, 4.208611",2025-08-22T00:00:00,15.5,15.5,11.4,76.56,0,45.2,rain,0,0,24.8,14,354.8,1018,32.4,24.1,0,0,0,10,"Rain, Partially cloudy",rain,
"51.751111, 4.208611",2025-08-22T01:00:00,15.3,15.3,11.7,79.1,0,45.2,rain,0,0,20.2,10.4,353.9,1018,40.2,24.1,0,0,0,10,"Rain, Partially cloudy",rain,
"51.751111, 4.208611",2025-08-22T02:00:00,15,15,11.8,81.18,0,45.2,rain,0,0,15.5,6.8,357.9,1018,44.8,24.1,0,0,0,10,"Rain, Partially cloudy",rain,
"51.751111, 4.208611",2025-08-22T03:00:00,14.9,14.9,11.8,81.7,0,0,,0,0,13.3,8.6,10.6,1018,68.9,24.1,0,0,0,10,Partially cloudy,partly-cloudy-night,
"51.751111, 4.208611",2025-08-22T04:00:00,15,15,11.7,80.64,0,0,rain,0,0,14,6.5,7.6,1018,79.7,24.1,0,0,0,10,Partially cloudy,partly-cloudy-night,
"51.751111, 4.208611",2025-08-22T05:00:00,14.9,14.9,11.8,81.7,0,0,rain,0,0,9.4,3.2,340.4,1018,67.6,24.1,0,0,0,10,Partially cloudy,partly-cloudy-night,
"51.751111, 4.208611",2025-08-22T06:00:00,14.8,14.8,12,83.32,0,0,rain,0,0,7.2,5,326.7,1018,52.8,24.1,0,0,0,10,Partially cloudy,partly-cloudy-night,
"51.751111, 4.208611",2025-08-22T07:00:00,14.7,14.7,11.9,83.31,0,0,rain,0,0,7.6,4,330.3,1019,59.3,24.1,0,0,0,10,Partially cloudy,partly-cloudy-day,
"51.751111, 4.208611",2025-08-22T08:00:00,15.2,15.2,11.7,79.61,0,0,rain,0,0,18.4,11.5,344.4,1019,79.3,24.1,13,0,0,10,Partially cloudy,partly-cloudy-day,
"51.751111, 4.208611",2025-08-22T09:00:00,15.7,15.7,11.2,74.59,0,3.2,rain,0,0,24.8,16.6,327.9,1019,83.9,24.1,40,0.1,0,10,Partially cloudy,partly-cloudy-day,
"51.751111, 4.208611",2025-08-22T10:00:00,16.3,16.3,11,70.84,0,3.2,rain,0,0,26.3,17.6,330,1019,82,24.1,113,0.4,1,10,Partially cloudy,partly-cloudy-day,
"51.751111, 4.208611",2025-08-22T11:00:00,16.8,16.8,11,68.62,0,3.2,rain,0,0,28.1,18,327.6,1020,84.6,24.1,223,0.8,2,10,Partially cloudy,partly-cloudy-day,
"51.751111, 4.208611",2025-08-22T12:00:00,17.2,17.2,11.1,67.35,0,3.2,rain,0,0,31.7,20.5,324.5,1020,76.2,24.1,430,1.5,4,10,Partially cloudy,partly-cloudy-day,
"51.751111, 4.208611",2025-08-22T13:00:00,17.5,17.5,10.5,63.5,0,3.2,,0,0,32.8,20.5,326.4,1019,81.2,24.1,288,1,3,10,Partially cloudy,partly-cloudy-day,
"51.751111, 4.208611",2025-08-22T14:00:00,18.3,18.3,9.7,57.24,0,3.2,,0,0,31.3,20.5,324.1,1019,64.8,24.1,371,1.3,4,10,Partially cloudy,partly-cloudy-day,
"51.751111, 4.208611",2025-08-22T15:00:00,18.8,18.8,8.2,50.13,0,3.2,,0,0,31.7,20.5,320.1,1019,42.9,24.1,732,2.6,7,10,Partially cloudy,partly-cloudy-day,
"51.751111, 4.208611",2025-08-22T16:00:00,19.1,19.1,7.7,47.56,0,3.2,,0,0,32,20.5,322.7,1019,67,24.1,699,2.5,7,10,Partially cloudy,partly-cloudy-day,
"51.751111, 4.208611",2025-08-22T17:00:00,18.9,18.9,8.2,49.82,0,3.2,,0,0,36,23,334.5,1019,100,24.1,600,2.2,6,10,Overcast,cloudy,
"51.751111, 4.208611",2025-08-22T18:00:00,18.6,18.6,8.2,50.76,0,3.2,,0,0,34.6,22.7,334,1019,99.2,24.1,465,1.7,5,10,Overcast,cloudy,
"51.751111, 4.208611",2025-08-22T19:00:00,18,18,9.4,57.16,0,3.2,,0,0,34.9,20.2,336.4,1019,96.1,24.1,308,1.1,3,10,Overcast,cloudy,
"51.751111, 4.208611",2025-08-22T20:00:00,17.6,17.6,9.8,60.22,0,3.2,,0,0,29.9,15.8,327.9,1019,90.7,24.1,147,0.5,1,10,Overcast,cloudy,
"51.751111, 4.208611",2025-08-22T21:00:00,17,17,10.9,67.31,0,32.3,,0,0,24.1,10.8,324.4,1019,77.9,24.1,21,0.1,0,10,Partially cloudy,partly-cloudy-night,
"51.751111, 4.208611",2025-08-22T22:00:00,16.7,16.7,11.5,71.39,0,32.3,,0,0,16.9,9,316,1019,97.7,24.1,0,0,0,10,Overcast,cloudy,
"51.751111, 4.208611",2025-08-22T23:00:00,16.7,16.7,11.7,72.34,0,32.3,,0,0,14.4,6.8,290.1,1019,95.9,24.1,0,0,0,10,Overcast,cloudy,
"51.751111, 4.208611",2025-08-23T00:00:00,16.7,16.7,12.1,74.27,0,32.3,,0,0,10.8,4.7,260.6,1019,92.6,24.1,0,0,0,10,Overcast,cloudy,
"51.751111, 4.208611",2025-08-23T01:00:00,16.7,16.7,12.4,75.75,0,32.3,,0,0,7.6,3.2,289.2,1018,92.4,24.1,0,0,0,10,Overcast,cloudy,
"51.751111, 4.208611",2025-08-23T02:00:00,16.7,16.7,12.6,76.75,0,32.3,,0,0,4.3,1.1,321.1,1018,98.2,24.1,0,0,0,10,Overcast,cloudy,
"51.751111, 4.208611",2025-08-23T03:00:00,16.4,16.4,13.2,81.36,0.2,3.2,rain,0,0,8.6,5.8,213,1018,100,24.1,0,0,0,10,Overcast,cloudy,
"51.751111, 4.208611",2025-08-23T04:00:00,16,16,13.1,82.92,0.4,3.2,rain,0,0,11.5,7.9,205.7,1018,100,24.1,0,0,0,10,Overcast,cloudy,
"51.751111, 4.208611",2025-08-23T05:00:00,15.6,15.6,12.5,81.79,0.3,3.2,rain,0,0,12.2,7.9,179.4,1018,100,24.1,0,0,0,10,Overcast,cloudy,
"51.751111, 4.208611",2025-08-23T06:00:00,15.4,15.4,12.2,81.23,0.1,3.2,rain,0,0,12.6,5,152.6,1017,97.4,24.1,0,0,0,10,Overcast,cloudy,
"51.751111, 4.208611",2025-08-23T07:00:00,15.3,15.3,12.4,82.84,0,3.2,,0,0,8.6,4.3,87.3,1017,87.1,24.1,0,0,0,10,Partially cloudy,partly-cloudy-day,
"51.751111, 4.208611",2025-08-23T08:00:00,15.5,15.5,12.5,82.32,0,3.2,,0,0,7.6,5,63.8,1018,77,24.1,11,0,0,10,Partially cloudy,partly-cloudy-day,
"51.751111, 4.208611",2025-08-23T09:00:00,15.9,15.9,12.8,81.83,0,3.2,,0,0,17.6,11.5,21.6,1018,81.8,24.1,46,0.2,0,10,Partially cloudy,partly-cloudy-day,
"51.751111, 4.208611",2025-08-23T10:00:00,16.6,16.6,12.5,76.74,0,3.2,,0,0,20.5,12.2,22.1,1018,73.7,24.1,142,0.5,1,10,Partially cloudy,partly-cloudy-day,
"51.751111, 4.208611",2025-08-23T11:00:00,17.4,17.4,11.1,66.51,0,3.2,,0,0,23,14,20.3,1018,60.9,24.1,472,1.7,5,10,Partially cloudy,partly-cloudy-day,
"51.751111, 4.208611",2025-08-23T12:00:00,18.2,18.2,9.7,57.6,0,3.2,,0,0,23.4,14.8,354.2,1018,66.2,24.1,590,2.1,6,10,Partially cloudy,partly-cloudy-day,
"51.751111, 4.208611",2025-08-23T13:00:00,19.2,19.2,7.3,45.99,0,3.2,,0,0,24.5,13,345.8,1019,46.8,24.1,726,2.6,7,10,Partially cloudy,partly-cloudy-day,
"51.751111, 4.208611",2025-08-23T14:00:00,19.9,19.9,6.9,42.84,0,3.2,,0,0,24.5,16.2,350.4,1018,68.7,24.1,763,2.7,8,10,Partially cloudy,partly-cloudy-day,
"51.751111, 4.208611",2025-08-23T15:00:00,19.7,19.7,7,43.59,0,0,,0,0,26.8,17.3,348.3,1018,57.3,24.1,751,2.7,8,10,Partially cloudy,partly-cloudy-day,
"51.751111, 4.208611",2025-08-23T16:00:00,19.6,19.6,7.1,44.36,0,0,,0,0,29,18.4,346.1,1018,46,24.1,674,2.4,7,10,Partially cloudy,partly-cloudy-day,
"51.751111, 4.208611",2025-08-23T17:00:00,19.5,19.5,7.3,45.14,0,0,,0,0,31.3,19.4,344,1018,34.6,24.1,572,2.1,6,10,Partially cloudy,partly-cloudy-day,
"51.751111, 4.208611",2025-08-23T18:00:00,18.8,18.8,7.9,49.12,0,0,,0,0,31.7,19.4,348.1,1018,27.7,24.1,447,1.6,4,10,Partially cloudy,partly-cloudy-day,
"51.751111, 4.208611",2025-08-23T19:00:00,18.1,18.1,8.4,53.46,0,0,,0,0,32,19.4,352.2,1018,20.9,24.1,297,1.1,3,10,Partially cloudy,partly-cloudy-day,
"51.751111, 4.208611",2025-08-23T20:00:00,17.4,17.4,9.1,58.18,0,0,,0,0,32.4,19.4,356.3,1018,14,24.1,143,0.5,1,10,Clear,clear-day,
"51.751111, 4.208611",2025-08-23T21:00:00,16.5,16.5,9.5,63.15,0,3.2,,0,0,27.7,16.3,244.8,1018.3,9.3,24.1,20,0.1,0,10,Clear,clear-night,
"51.751111, 4.208611",2025-08-23T22:00:00,15.7,15.7,9.9,68.56,0,3.2,,0,0,23,13.2,133.4,1018.7,4.7,24.1,0,0,0,10,Clear,clear-night,
"51.751111, 4.208611",2025-08-23T23:00:00,14.9,14.9,10.4,74.45,0,3.2,,0,0,18.4,10.1,21.9,1019,0,24.1,0,0,0,10,Clear,clear-night,
"51.751111, 4.208611",2025-08-24T00:00:00,14.4,14.4,10.5,77.76,0,3.2,,0,0,16.9,9.6,36.8,1019,0.5,24.1,0,0,0,10,Clear,clear-night,
"51.751111, 4.208611",2025-08-24T01:00:00,13.9,13.9,10.7,81.21,0,3.2,,0,0,15.5,9.1,51.8,1019,1,24.1,0,0,0,10,Clear,clear-night,
"51.751111, 4.208611",2025-08-24T02:00:00,13.4,13.4,10.9,84.83,0,3.2,,0,0,14,8.6,66.7,1019,1.5,24.1,0,0,0,10,Clear,clear-night,
"51.751111, 4.208611",2025-08-24T03:00:00,13.1,13.1,10.9,86.7,0,0,,0,0,12.7,8,76.2,1018.7,16.3,24.1,0,0,0,10,Clear,clear-night,
"51.751111, 4.208611",2025-08-24T04:00:00,12.8,12.8,10.9,88.61,0,0,,0,0,11.4,7.4,85.6,1018.3,31,24.1,0,0,0,10,Partially cloudy,partly-cloudy-night,
"51.751111, 4.208611",2025-08-24T05:00:00,12.5,12.5,11,90.57,0,0,,0,0,10.1,6.8,95.1,1018,45.8,24.1,0,0,0,10,Partially cloudy,partly-cloudy-night,
"51.751111, 4.208611",2025-08-24T06:00:00,12.6,12.6,11.1,90.18,0,0,,0,0,10.4,7,98.7,1018.3,48.8,24.1,0,0,0,10,Partially cloudy,partly-cloudy-night,
"51.751111, 4.208611",2025-08-24T07:00:00,12.8,12.8,11.2,89.8,0,0,,0,0,10.8,7.1,102.2,1018.7,51.9,24.1,0,0,0,10,Partially cloudy,partly-cloudy-day,
"51.751111, 4.208611",2025-08-24T08:00:00,13,13,11.3,89.42,0,0,,0,0,11.2,7.2,105.8,1019,54.9,24.1,63,0.2,1,10,Partially cloudy,partly-cloudy-day,
"51.751111, 4.208611",2025-08-24T09:00:00,14.2,14.2,10.6,78.6,0,0,,0,0,11.8,7.2,102.8,1019,49.7,24.1,209,0.8,2,10,Partially cloudy,partly-cloudy-day,
"51.751111, 4.208611",2025-08-24T10:00:00,15.5,15.5,9.9,69.14,0,0,,0,0,12.4,7.2,99.7,1019,44.5,24.1,369,1.3,4,10,Partially cloudy,partly-cloudy-day,
"51.751111, 4.208611",2025-08-24T11:00:00,16.8,16.8,9.2,60.84,0,0,,0,0,13,7.2,96.7,1019,39.3,24.1,524,1.9,5,10,Partially cloudy,partly-cloudy-day,
"51.751111, 4.208611",2025-08-24T12:00:00,17.7,17.7,8.5,54.59,0,0,,0,0,14.2,8.2,83.5,1018.7,32.8,24.1,643,2.3,6,10,Partially cloudy,partly-cloudy-day,
"51.751111, 4.208611",2025-08-24T13:00:00,18.7,18.7,7.8,48.99,0,0,,0,0,15.4,9.1,70.4,1018.3,26.2,24.1,722,2.6,7,10,Partially cloudy,partly-cloudy-day,
"51.751111, 4.208611",2025-08-24T14:00:00,19.7,19.7,7.1,43.97,0,0,,0,0,16.6,10.1,57.2,1018,19.7,24.1,757,2.7,8,10,Clear,clear-day,
"51.751111, 4.208611",2025-08-24T15:00:00,20,20,7.2,43.38,0,0,,0,0,16.4,10,54.2,1017.7,24.6,24.1,745,2.7,7,10,Partially cloudy,partly-cloudy-day,
"51.751111, 4.208611",2025-08-24T16:00:00,20.4,20.4,7.3,42.8,0,0,,0,0,16.3,9.8,51.3,1017.3,29.6,24.1,685,2.5,7,10,Partially cloudy,partly-cloudy-day,
"51.751111, 4.208611",2025-08-24T17:00:00,20.8,20.8,7.5,42.22,0,0,,0,0,16.2,9.7,48.3,1017,34.5,24.1,583,2.1,6,10,Partially cloudy,partly-cloudy-day,
"51.751111, 4.208611",2025-08-24T18:00:00,20.2,20.2,8,45.25,0,0,,0,0,19.7,12.4,151.6,1017,39,24.1,447,1.6,4,10,Partially cloudy,partly-cloudy-day,
"51.751111, 4.208611",2025-08-24T19:00:00,19.7,19.7,8.5,48.49,0,0,,0,0,23.2,15,254.8,1017,43.6,24.1,288,1,3,10,Partially cloudy,partly-cloudy-day,
"51.751111, 4.208611",2025-08-24T20:00:00,19.2,19.2,9.1,51.97,0,0,,0,0,26.6,17.6,358.1,1017,48.1,24.1,120,0.4,1,10,Partially cloudy,partly-cloudy-day,
"51.751111, 4.208611",2025-08-24T21:00:00,18.1,18.1,9.3,56.31,0,0,,0,0,25.9,17,248.8,1017.3,32.1,24.1,17,0.1,0,10,Partially cloudy,partly-cloudy-night,
"51.751111, 4.208611",2025-08-24T22:00:00,17,17,9.5,61.04,0,0,,0,0,25.2,16.4,139.4,1017.7,16,24.1,0,0,0,10,Clear,clear-night,
"51.751111, 4.208611",2025-08-24T23:00:00,16,16,9.7,66.21,0,0,,0,0,24.5,15.8,30.1,1018,0,24.1,0,0,0,10,Clear,clear-night,
"51.751111, 4.208611",2025-08-25T00:00:00,15.5,15.5,10.3,71.16,0,0,,0,0,22.8,14.4,37.4,1018,0,24.1,0,0,0,10,Clear,clear-night,
"51.751111, 4.208611",2025-08-25T01:00:00,15,15,10.9,76.48,0,0,,0,0,21.1,13,44.6,1018,0,24.1,0,0,0,10,Clear,clear-night,
"51.751111, 4.208611",2025-08-25T02:00:00,14.5,14.5,11.5,82.19,0,0,,0,0,19.4,11.5,51.9,1018,0,24.1,0,0,0,10,Clear,clear-night,
"51.751111, 4.208611",2025-08-25T03:00:00,14.1,14.1,11.3,83.06,0,0,,0,0,19.1,11.5,56.9,1018,0,24.1,0,0,0,10,Clear,clear-night,
"51.751111, 4.208611",2025-08-25T04:00:00,13.8,13.8,11.1,83.95,0,0,,0,0,18.7,11.5,61.9,1018,0,24.1,0,0,0,10,Clear,clear-night,
"51.751111, 4.208611",2025-08-25T05:00:00,13.5,13.5,11,84.84,0,0,,0,0,18.4,11.5,66.9,1018,0,24.1,0,0,0,10,Clear,clear-night,
"51.751111, 4.208611",2025-08-25T06:00:00,11.3,11.3,9.5,88.68,0,0,,0,0,7.9,7.6,122.1,1019,100,24.1,0,0,0,10,Overcast,cloudy,
"51.751111, 4.208611",2025-08-25T07:00:00,11.4,11.4,9.5,88.1,0,0,,0,0,7.6,7.6,123.6,1019,100,24.1,0,0,0,10,Overcast,cloudy,
"51.751111, 4.208611",2025-08-25T08:00:00,13.2,13.2,9.5,78.27,0,0,,0,0,9.4,7.2,122.6,1020,100,24.1,45,0.2,0,10,Overcast,cloudy,
"51.751111, 4.208611",2025-08-25T09:00:00,15.8,15.8,9.4,65.72,0,0,,0,0,8.3,7.2,124.3,1020,100,24.1,126.3,0.5,1,10,Overcast,cloudy,
"51.751111, 4.208611",2025-08-25T10:00:00,18.4,18.4,9.3,55.37,0,0,,0,0,7.2,7.2,126.1,1020,100,24.1,207.7,0.7,2,10,Overcast,cloudy,
"51.751111, 4.208611",2025-08-25T11:00:00,21,21,9.2,46.8,0,0,,0,0,6.1,7.2,127.8,1020,100,24.1,289,1,3,10,Overcast,cloudy,
"51.751111, 4.208611",2025-08-25T12:00:00,22.7,22.7,9.3,42.57,0,0,,0,0,5.8,6.1,164.3,1019.7,92.3,24.1,386.3,1.4,4,10,Overcast,cloudy,
"51.751111, 4.208611",2025-08-25T13:00:00,24.4,24.4,9.4,38.77,0,0,,0,0,5.4,5,200.7,1019.3,84.6,24.1,483.7,1.7,5,10,Partially cloudy,partly-cloudy-day,
"51.751111, 4.208611",2025-08-25T14:00:00,26.1,26.1,9.6,35.35,0,0,,0,0,5,4,237.2,1019,76.9,24.1,581,2.1,6,10,Partially cloudy,partly-cloudy-day,
"51.751111, 4.208611",2025-08-25T15:00:00,26.4,26.4,9.4,34.27,0,3.2,,0,0,5.8,6,255.9,1018.3,51.5,24.1,601,2.2,6,10,Partially cloudy,partly-cloudy-day,
"51.751111, 4.208611",2025-08-25T16:00:00,26.7,26.4,9.2,33.23,0,3.2,,0,0,6.5,8,274.7,1017.7,26,24.1,621,2.2,6,10,Partially cloudy,partly-cloudy-day,
"51.751111, 4.208611",2025-08-25T17:00:00,27.1,26.5,9.1,32.22,0,3.2,,0,0,7.2,10.1,293.4,1017,0.6,24.1,641,2.3,6,10,Clear,clear-day,
"51.751111, 4.208611",2025-08-25T18:00:00,25.9,25.9,9.2,34.98,0,3.2,,0,0,7.8,9.4,315.4,1016.7,2.1,24.1,522,1.9,5,10,Clear,clear-day,
"51.751111, 4.208611",2025-08-25T19:00:00,24.7,24.7,9.4,37.99,0,3.2,,0,0,8.4,8.6,337.4,1016.3,3.5,24.1,403,1.4,4,10,Clear,clear-day,
"51.751111, 4.208611",2025-08-25T20:00:00,23.5,23.5,9.6,41.29,0,3.2,,0,0,9,7.9,359.4,1016,5,24.1,284,1,3,10,Clear,clear-day,
"51.751111, 4.208611",2025-08-25T21:00:00,21.8,21.8,9.6,45.98,0,3.2,,0,0,11.5,9.1,273.6,1016.3,36.7,24.1,189.3,0.7,0,10,Partially cloudy,partly-cloudy-night,
"51.751111, 4.208611",2025-08-25T22:00:00,20.1,20.1,9.7,51.28,0,3.2,,0,0,14,10.3,187.8,1016.7,68.3,24.1,94.7,0.3,0,10,Partially cloudy,partly-cloudy-night,
"51.751111, 4.208611",2025-08-25T23:00:00,18.4,18.4,9.8,57.26,0,3.2,,0,0,16.6,11.5,102,1017,100,24.1,0,0,0,10,Overcast,cloudy,
"51.751111, 4.208611",2025-08-26T00:00:00,17.9,17.9,9.6,58.3,0,3.2,,0,0,16.7,11.5,118.6,1016.7,100,24.1,0,0,0,10,Overcast,cloudy,
"51.751111, 4.208611",2025-08-26T01:00:00,17.4,17.4,9.4,59.37,0,3.2,,0,0,16.8,11.5,135.2,1016.3,100,24.1,0,0,0,10,Overcast,cloudy,
"51.751111, 4.208611",2025-08-26T02:00:00,16.9,16.9,9.2,60.46,0,3.2,,0,0,16.9,11.5,151.8,1016,100,24.1,0,0,0,10,Overcast,cloudy,
"51.751111, 4.208611",2025-08-26T03:00:00,16.7,16.7,9,60.54,0,6.5,,0,0,18.6,11.6,156.7,1015.7,99.2,24.1,0,0,0,10,Overcast,cloudy,
"51.751111, 4.208611",2025-08-26T04:00:00,16.4,16.4,8.8,60.63,0,6.5,,0,0,20.3,11.8,161.6,1015.3,98.5,24.1,0,0,0,10,Overcast,cloudy,
"51.751111, 4.208611",2025-08-26T05:00:00,16.3,16.3,8.7,60.72,0,6.5,,0,0,22,11.9,166.5,1015,97.7,24.1,0,0,0,10,Overcast,cloudy,
"51.751111, 4.208611",2025-08-26T06:00:00,17.1,17.1,8.7,57.72,0,6.5,,0,0,24.6,11.9,171.7,1015,98.2,24.1,4,0,0,10,Overcast,cloudy,
"51.751111, 4.208611",2025-08-26T07:00:00,17.9,17.9,8.7,54.89,0,6.5,,0,0,27.2,11.9,177,1015,98.6,24.1,8,0,0,10,Overcast,cloudy,
"51.751111, 4.208611",2025-08-26T08:00:00,18.8,18.8,8.8,52.21,0,6.5,,0,0,29.9,11.9,182.2,1015,99.1,24.1,12,0,0,10,Overcast,cloudy,
"51.751111, 4.208611",2025-08-26T09:00:00,21.3,21.3,8.2,42.95,0,9.7,,0,0,26.2,13.2,189.8,1015,70.6,24.1,124.3,0.4,1,10,Partially cloudy,partly-cloudy-day,
"51.751111, 4.208611",2025-08-26T10:00:00,23.8,23.8,7.6,35.44,0,9.7,,0,0,22.4,14.5,197.3,1015,42,24.1,236.7,0.9,2,10,Partially cloudy,partly-cloudy-day,
"51.751111, 4.208611",2025-08-26T11:00:00,26.4,26.4,7.1,29.31,0,9.7,,0,0,18.7,15.8,204.9,1015,13.5,24.1,349,1.3,3,10,Clear,clear-day,
"51.751111, 4.208611",2025-08-26T12:00:00,27.8,26.8,6.7,26.29,0,9.7,,0,0,18.4,14.9,214.1,1014.7,10.7,24.1,463.7,1.7,5,10,Clear,clear-day,
"51.751111, 4.208611",2025-08-26T13:00:00,29.3,27.8,6.4,23.59,0,9.7,,0,0,18,13.9,223.3,1014.3,7.8,24.1,578.3,2.1,6,10,Clear,clear-day,
"51.751111, 4.208611",2025-08-26T14:00:00,30.8,28.9,6.1,21.19,0,9.7,,0,0,17.6,13,232.5,1014,5,24.1,693,2.5,7,10,Clear,clear-day,
"51.751111, 4.208611",2025-08-26T15:00:00,31.1,29.2,5.9,20.57,0,6.5,,0,0,16.9,11,246.5,1013.7,5,24.1,681,2.5,7,10,Clear,clear-day,
"51.751111, 4.208611",2025-08-26T16:00:00,31.5,29.5,5.8,19.96,0,6.5,,0,0,16.2,9.1,260.5,1013.3,5,24.1,669,2.4,7,10,Clear,clear-day,
"51.751111, 4.208611",2025-08-26T17:00:00,31.9,29.8,5.7,19.37,0,6.5,,0,0,15.5,7.2,274.5,1013,5,24.1,657,2.4,7,10,Clear,clear-day,
"51.751111, 4.208611",2025-08-26T18:00:00,30.6,28.8,5.9,21.06,0,6.5,,0,0,12.2,6.2,209,1012.3,36.7,24.1,527,1.9,5,10,Partially cloudy,partly-cloudy-day,
"51.751111, 4.208611",2025-08-26T19:00:00,29.4,27.8,6.1,22.93,0,6.5,,0,0,9,5.3,143.5,1011.7,68.3,24.1,397,1.5,4,10,Partially cloudy,partly-cloudy-day,
"51.751111, 4.208611",2025-08-26T20:00:00,28.2,27,6.3,24.97,0,6.5,,0,0,5.8,4.3,78,1011,100,24.1,267,1,3,10,Overcast,cloudy,
"51.751111, 4.208611",2025-08-26T21:00:00,25.6,25.6,9.9,37.17,0,22.6,,0,0,18.4,12.4,150.7,1012,100,24.1,178,0.7,0,10,Overcast,cloudy,
"51.751111, 4.208611",2025-08-26T22:00:00,23.1,23.1,13.6,55.11,0,22.6,,0,0,31,20.4,223.4,1013,100,24.1,89,0.3,0,10,Overcast,cloudy,
"51.751111, 4.208611",2025-08-26T23:00:00,20.6,20.6,17.3,81.38,0,22.6,,0,0,43.6,28.4,296.1,1014,100,24.1,0,0,0,3,Overcast,cloudy,
"51.751111, 4.208611",2025-08-27T00:00:00,20.3,20.3,16.6,79.14,0,22.6,,0,0,31.1,21,257.3,1013.7,100,23.6,0,0,0,10,Overcast,cloudy,
"51.751111, 4.208611",2025-08-27T01:00:00,20,20,15.9,76.95,0,22.6,,0,0,18.6,13.6,218.6,1013.3,100,23.2,0,0,0,10,Overcast,cloudy,
"51.751111, 4.208611",2025-08-27T02:00:00,19.8,19.8,15.2,74.8,0.1,22.6,rain,0,0,6.1,6.1,179.8,1013,100,22.7,0,0,0,10,Overcast,cloudy,
"51.751111, 4.208611",2025-08-27T03:00:00,19,19,14.7,76.13,0,19.4,,0,0,7.8,7.2,167.9,1012.7,69.6,23.2,0,0,0,10,Partially cloudy,partly-cloudy-night,
"51.751111, 4.208611",2025-08-27T04:00:00,18.2,18.2,14.2,77.5,0,19.4,,0,0,9.5,8.3,156.1,1012.3,39.3,23.6,0,0,0,10,Partially cloudy,partly-cloudy-night,
"51.751111, 4.208611",2025-08-27T05:00:00,17.5,17.5,13.8,78.9,0,19.4,,0,0,11.2,9.4,144.2,1012,8.9,24.1,0,0,0,10,Clear,clear-night,
"51.751111, 4.208611",2025-08-27T06:00:00,17.9,17.9,13.8,76.94,0,19.4,,0,0,8.6,7.2,194.2,1011.7,39.1,24.1,4.7,0,0,10,Partially cloudy,partly-cloudy-night,
"51.751111, 4.208611",2025-08-27T07:00:00,18.3,18.3,13.8,75.03,0,19.4,,0,0,6.1,5,244.3,1011.3,69.3,24.1,9.3,0.1,0,10,Partially cloudy,partly-cloudy-day,
"51.751111, 4.208611",2025-08-27T08:00:00,18.7,18.7,13.8,73.17,0,19.4,,0,0,3.6,2.9,294.3,1011,99.5,24.1,14,0.1,0,10,Overcast,cloudy,
"51.751111, 4.208611",2025-08-27T09:00:00,20.7,20.7,13.4,62.85,0,19.4,,0,0,3.1,2.3,267.2,1011,99.7,24.1,98.3,0.4,1,10,Overcast,cloudy,
"51.751111, 4.208611",2025-08-27T10:00:00,22.8,22.8,13,54.08,0,19.4,,0,0,2.6,1.7,240.1,1011,99.8,24.1,182.7,0.7,2,10,Overcast,cloudy,
"51.751111, 4.208611",2025-08-27T11:00:00,24.9,24.9,12.7,46.63,0,19.4,,0,0,2.2,1.1,213,1011,100,24.1,267,1,3,10,Overcast,cloudy,
"51.751111, 4.208611",2025-08-27T12:00:00,25.8,25.8,12.6,43.93,0,19.4,,0,0,5.2,3.7,230.3,1010.3,100,23.9,376.7,1.4,4,10,Overcast,cloudy,
"51.751111, 4.208611",2025-08-27T13:00:00,26.8,26.8,12.6,41.4,0,19.4,,0,0,8.2,6.4,247.7,1009.7,100,23.6,486.3,1.7,5,10,Overcast,cloudy,
"51.751111, 4.208611",2025-08-27T14:00:00,27.8,27.4,12.6,39.03,0.1,19.4,rain,0,0,11.2,9,265,1009,100,23.4,596,2.1,6,10,Overcast,cloudy,
"51.751111, 4.208611",2025-08-27T15:00:00,25.5,25.5,13.9,48.56,0,12.9,,0,0,14.2,11.3,285.1,1009,91.1,18,530.7,1.9,5,10,Overcast,cloudy,
"51.751111, 4.208611",2025-08-27T16:00:00,23.2,23.2,15.2,60.49,0,12.9,,0,0,17.2,13.6,305.3,1009,82.1,12.5,465.3,1.6,5,3,Partially cloudy,partly-cloudy-day,
"51.751111, 4.208611",2025-08-27T17:00:00,21,21,16.5,75.47,0.8,12.9,rain,0,0,20.2,15.8,325.4,1009,73.2,7.1,400,1.4,4,3,Partially cloudy,partly-cloudy-day,
"51.751111, 4.208611",2025-08-27T18:00:00,20.7,20.7,16.4,76.4,0,12.9,,0,0,17.4,13.2,332,1009,81.5,12.8,312.3,1.1,3,3,Partially cloudy,partly-cloudy-day,
"51.751111, 4.208611",2025-08-27T19:00:00,20.5,20.5,16.4,77.34,0,12.9,,0,0,14.6,10.6,338.6,1009,89.8,18.4,224.7,0.8,2,3,Partially cloudy,partly-cloudy-day,
"51.751111, 4.208611",2025-08-27T20:00:00,20.3,20.3,16.4,78.3,0.5,12.9,rain,0,0,11.9,7.9,345.2,1009,98.1,24.1,137,0.5,1,3,Overcast,cloudy,
"51.751111, 4.208611",2025-08-27T21:00:00,19.3,19.3,16.1,81.74,0,29,,0,0,9.8,7.2,317.8,1009,98.6,24.1,91.3,0.3,0,10,Overcast,cloudy,
"51.751111, 4.208611",2025-08-27T22:00:00,18.4,18.4,15.9,85.37,0,29,,0,0,7.8,6.5,290.5,1009,99.2,24.1,45.7,0.2,0,10,Overcast,cloudy,
"51.751111, 4.208611",2025-08-27T23:00:00,17.5,17.5,15.7,89.19,0,29,,0,0,5.8,5.8,263.1,1009,99.7,24.1,0,0,0,10,Overcast,cloudy,
"51.751111, 4.208611",2025-08-28T00:00:00,17.1,17.1,15.4,89.73,0,29,,0,0,7.2,6.8,254.9,1009,69.7,24.1,0,0,0,10,Partially cloudy,partly-cloudy-night,
"51.751111, 4.208611",2025-08-28T01:00:00,16.7,16.7,15.1,90.28,0,29,,0,0,8.6,7.9,246.8,1009,39.6,24.1,0,0,0,10,Partially cloudy,partly-cloudy-night,
"51.751111, 4.208611",2025-08-28T02:00:00,16.3,16.3,14.8,90.83,0,29,,0,0,10.1,9,238.6,1009,9.6,24.1,0,0,0,10,Clear,clear-night,
"51.751111, 4.208611",2025-08-28T03:00:00,15.3,15.3,13.3,87.49,0,19.4,,0,0,12.7,9.7,233.1,1009,31,24.1,0,0,0,10,Partially cloudy,partly-cloudy-night,
"51.751111, 4.208611",2025-08-28T04:00:00,14.4,14.4,11.8,84.2,0,19.4,,0,0,15.4,10.4,227.7,1009,52.4,24.1,0,0,0,10,Partially cloudy,partly-cloudy-night,
"51.751111, 4.208611",2025-08-28T05:00:00,13.5,13.5,10.3,80.98,0,19.4,,0,0,18,11.2,222.2,1009,73.8,24.1,0,0,0,10,Partially cloudy,partly-cloudy-night,
"51.751111, 4.208611",2025-08-28T06:00:00,13.6,13.6,9.7,77.46,0,19.4,,0,0,16.7,10.4,219.8,1009,82.5,24.1,4.7,0,0,10,Partially cloudy,partly-cloudy-night,
"51.751111, 4.208611",2025-08-28T07:00:00,13.7,13.7,9.1,74.08,0,19.4,,0,0,15.4,9.7,217.3,1009,91.3,24.1,9.3,0.1,0,10,Overcast,cloudy,
"51.751111, 4.208611",2025-08-28T08:00:00,13.8,13.8,8.6,70.84,0,19.4,,0,0,14,9,214.9,1009,100,24.1,14,0.1,0,10,Overcast,cloudy,
"51.751111, 4.208611",2025-08-28T09:00:00,15.9,15.9,8.6,61.89,0,16.1,,0,0,14.5,9.7,218.1,1008.7,100,24.1,89.7,0.4,1,10,Overcast,cloudy,
"51.751111, 4.208611",2025-08-28T10:00:00,18.1,18.1,8.7,54.19,0,16.1,,0,0,15,10.4,221.2,1008.3,100,24.1,165.3,0.6,2,10,Overcast,cloudy,
"51.751111, 4.208611",2025-08-28T11:00:00,20.3,20.3,8.8,47.56,0,16.1,,0,0,15.5,11.2,224.4,1008,100,24.1,241,0.9,2,10,Overcast,cloudy,
"51.751111, 4.208611",2025-08-28T12:00:00,21.6,21.6,8.7,43.63,0,16.1,,0,0,15.2,12.2,241.1,1007.7,98.2,24.1,355,1.3,4,10,Overcast,cloudy,
"51.751111, 4.208611",2025-08-28T13:00:00,23,23,8.7,40.06,0,16.1,,0,0,15,13.3,257.8,1007.3,96.3,24.1,469,1.7,5,10,Overcast,cloudy,
"51.751111, 4.208611",2025-08-28T14:00:00,24.4,24.4,8.7,36.81,0,16.1,,0,0,14.8,14.4,274.5,1007,94.5,24.1,583,2.1,6,10,Overcast,cloudy,
"51.751111, 4.208611",2025-08-28T15:00:00,23.9,23.9,9.2,39.25,0,29,,0,0,13.4,14.3,284.1,1007,96.3,24.1,567.3,2,6,10,Overcast,cloudy,
"51.751111, 4.208611",2025-08-28T16:00:00,23.4,23.4,9.7,41.84,0,29,,0,0,12.1,14.2,293.6,1007,98.2,24.1,551.7,2,6,10,Overcast,cloudy,
"51.751111, 4.208611",2025-08-28T17:00:00,23,23,10.3,44.6,0,29,,0,0,10.8,14,303.2,1007,100,24.1,536,1.9,5,10,Overcast,cloudy,
"51.751111, 4.208611",2025-08-28T18:00:00,21.9,21.9,11,49.97,0,29,,0,0,12.8,13.2,309.3,1007,100,24.1,414.3,1.5,4,10,Overcast,cloudy,
"51.751111, 4.208611",2025-08-28T19:00:00,20.8,20.8,11.7,56,0,29,,0,0,14.9,12.4,315.3,1007,100,24.1,292.7,1,3,10,Overcast,cloudy,
"51.751111, 4.208611",2025-08-28T20:00:00,19.8,19.8,12.5,62.77,0,29,,0,0,16.9,11.5,321.4,1007,100,24.1,171,0.6,2,10,Overcast,cloudy,
"51.751111, 4.208611",2025-08-28T21:00:00,19.1,19.1,12.7,66.43,0,61.3,rain,0,0,13.4,9.5,319.6,1007,100,24.1,114,0.4,0,10,"Rain, Overcast",rain,
"51.751111, 4.208611",2025-08-28T22:00:00,18.4,18.4,12.9,70.31,0,61.3,rain,0,0,10,7.4,317.8,1007,100,24.1,57,0.2,0,10,"Rain, Overcast",rain,
"51.751111, 4.208611",2025-08-28T23:00:00,17.7,17.7,13.1,74.44,0,61.3,rain,0,0,6.5,5.4,316,1007,100,24.1,0,0,0,10,"Rain, Overcast",rain,
"51.751111, 4.208611",2025-08-29T00:00:00,17.8,17.8,13.1,74.3,0,61.3,rain,0,0,5.9,5.2,284.6,1006.7,100,24.1,0,0,0,10,"Rain, Overcast",rain,
"51.751111, 4.208611",2025-08-29T01:00:00,17.9,17.9,13.2,74.15,0,61.3,rain,0,0,5.3,4.9,253.2,1006.3,100,24.1,0,0,0,10,"Rain, Overcast",rain,
"51.751111, 4.208611",2025-08-29T02:00:00,18,18,13.3,74.01,0,61.3,rain,0,0,4.7,4.7,221.8,1006,100,24.1,0,0,0,10,"Rain, Overcast",rain,
"51.751111, 4.208611",2025-08-29T03:00:00,17.5,17.5,13.5,77.38,0,35.5,,0,0,8,6.4,226,1005.7,93.4,24.1,0,0,0,10,Overcast,cloudy,
"51.751111, 4.208611",2025-08-29T04:00:00,17,17,13.7,80.92,0,35.5,,0,0,11.4,8,230.1,1005.3,86.7,24.1,0,0,0,10,Partially cloudy,partly-cloudy-night,
"51.751111, 4.208611",2025-08-29T05:00:00,16.6,16.6,14,84.62,0,35.5,,0,0,14.8,9.7,234.3,1005,80.1,24.1,0,0,0,3,Partially cloudy,partly-cloudy-night,
"51.751111, 4.208611",2025-08-29T06:00:00,16.7,16.7,13.1,79.14,0,35.5,,0,0,16.4,10,234,1005.3,86.7,24.1,3,0,0,10,Partially cloudy,partly-cloudy-night,
"51.751111, 4.208611",2025-08-29T07:00:00,16.8,16.8,12.2,73.97,0,35.5,,0,0,18.1,10.2,233.8,1005.7,93.4,24.1,6,0,0,10,Overcast,cloudy,
"51.751111, 4.208611",2025-08-29T08:00:00,17,17,11.3,69.12,0,35.5,,0,0,19.8,10.4,233.5,1006,100,24.1,9,0,0,10,Overcast,cloudy,
"51.751111, 4.208611",2025-08-29T09:00:00,17.9,17.9,11.1,64.46,0,32.3,,0,0,18.7,11.8,237,1006,100,24.1,60.3,0.3,1,10,Overcast,cloudy,
"51.751111, 4.208611",2025-08-29T10:00:00,18.9,18.9,11,60.13,0,32.3,,0,0,17.6,13.1,240.6,1006,100,24.1,111.7,0.5,1,10,Overcast,cloudy,
"51.751111, 4.208611",2025-08-29T11:00:00,19.9,19.9,10.9,56.12,0,32.3,,0,0,16.6,14.4,244.1,1006,100,24.1,163,0.6,2,10,Overcast,cloudy,
"51.751111, 4.208611",2025-08-29T12:00:00,19.7,19.7,11,57.21,0,32.3,,0,0,13.7,12.4,247.1,1005.7,100,24.1,185.7,0.7,2,10,Overcast,cloudy,
"51.751111, 4.208611",2025-08-29T13:00:00,19.5,19.5,11.1,58.32,0,32.3,,0,0,10.8,10.3,250,1005.3,100,24.1,208.3,0.7,2,10,Overcast,cloudy,
"51.751111, 4.208611",2025-08-29T14:00:00,19.4,19.4,11.3,59.45,0,32.3,rain,0,0,7.9,8.3,253,1005,100,24.1,231,0.8,2,10,Overcast,cloudy,
"51.751111, 4.208611",2025-08-29T15:00:00,18.9,18.9,11.6,62.7,0,35.5,,0,0,8.5,9.5,213.5,1005,99.2,24.1,198,0.7,2,10,Overcast,cloudy,
"51.751111, 4.208611",2025-08-29T16:00:00,18.4,18.4,11.9,66.13,0,35.5,,0,0,9.1,10.7,173.9,1005,98.5,24.1,165,0.6,2,10,Overcast,cloudy,
"51.751111, 4.208611",2025-08-29T17:00:00,17.9,17.9,12.3,69.76,0.5,35.5,rain,0,0,9.7,11.9,134.4,1005,97.7,24.1,132,0.5,1,10,Overcast,cloudy,
"51.751111, 4.208611",2025-08-29T18:00:00,17.2,17.2,11.8,70.56,0,35.5,,0,0,13.9,12.7,127.9,1004.7,98.5,24.1,123,0.5,1,10,Overcast,cloudy,
"51.751111, 4.208611",2025-08-29T19:00:00,16.6,16.6,11.4,71.38,0,35.5,,0,0,18.1,13.6,121.3,1004.3,99.2,24.1,114,0.4,1,10,Overcast,cloudy,
"51.751111, 4.208611",2025-08-29T20:00:00,16,16,11,72.21,0,35.5,,0,0,22.3,14.4,114.8,1004,100,24.1,105,0.4,1,10,Overcast,cloudy,
"51.751111, 4.208611",2025-08-29T21:00:00,14.8,14.8,11,78.33,0,48.4,rain,0,0,25,14.3,115.2,1004,67.6,24.1,70,0.3,0,10,"Rain, Partially cloudy",rain,
"51.751111, 4.208611",2025-08-29T22:00:00,13.6,13.6,11.1,85.04,0,48.4,rain,0,0,27.6,14.2,115.5,1004,35.3,24.1,35,0.1,0,10,"Rain, Partially cloudy",rain,
"51.751111, 4.208611",2025-08-29T23:00:00,12.4,12.4,11.2,92.39,0,48.4,rain,0,0,30.2,14,115.9,1004,2.9,24.1,0,0,0,10,Rain,rain,
"51.751111, 4.208611",2025-08-30T00:00:00,12.3,12.3,11.3,93.62,0,48.4,rain,0,0,30.6,13.8,113.5,1003.7,35.3,24.1,0,0,0,10,"Rain, Partially cloudy",rain,
"51.751111, 4.208611",2025-08-30T01:00:00,12.2,12.2,11.4,94.86,0,48.4,rain,0,0,31,13.6,111.2,1003.3,67.6,24.1,0,0,0,10,"Rain, Partially cloudy",rain,
"51.751111, 4.208611",2025-08-30T02:00:00,12.2,12.2,11.6,96.12,0,48.4,rain,0,0,31.3,13.3,108.8,1003,100,24.1,0,0,0,10,"Rain, Overcast",rain,
"51.751111, 4.208611",2025-08-30T03:00:00,12.2,12.2,11.6,96.12,0,41.9,,0,0,28.2,13,111.3,1002.7,89.6,24.1,0,0,0,10,Partially cloudy,partly-cloudy-night,
"51.751111, 4.208611",2025-08-30T04:00:00,12.2,12.2,11.6,96.12,0,41.9,,0,0,25.1,12.6,113.9,1002.3,79.3,24.1,0,0,0,10,Partially cloudy,partly-cloudy-night,
"51.751111, 4.208611",2025-08-30T05:00:00,12.2,12.2,11.6,96.12,0,41.9,,0,0,22,12.2,116.4,1002,68.9,24.1,0,0,0,10,Partially cloudy,partly-cloudy-night,
"51.751111, 4.208611",2025-08-30T06:00:00,12.7,12.7,11.6,92.61,0,41.9,,0,0,22.3,12,117.8,1002,79.3,24.1,2,0,0,10,Partially cloudy,partly-cloudy-night,
"51.751111, 4.208611",2025-08-30T07:00:00,13.3,13.3,11.6,89.25,0,41.9,,0,0,22.7,11.8,119.3,1002,89.6,24.1,4,0,0,10,Partially cloudy,partly-cloudy-day,
"51.751111, 4.208611",2025-08-30T08:00:00,13.9,13.9,11.6,86.02,0,41.9,,0,0,23,11.5,120.7,1002,100,24.1,6,0,0,10,Overcast,cloudy,
"51.751111, 4.208611",2025-08-30T09:00:00,16.9,16.9,11.4,70.02,0,51.6,rain,0,0,23.2,13.1,130.7,1001.7,91.4,24.1,83,0.3,1,10,"Rain, Overcast",rain,
"51.751111, 4.208611",2025-08-30T10:00:00,19.9,19.9,11.2,57.25,0,51.6,rain,0,0,23.3,14.6,140.6,1001.3,82.8,24.1,160,0.6,2,10,"Rain, Partially cloudy",rain,
"51.751111, 4.208611",2025-08-30T11:00:00,22.9,22.9,11,47.01,0,51.6,rain,0,0,23.4,16.2,150.6,1001,74.2,24.1,237,0.9,2,10,"Rain, Partially cloudy",rain,
"51.751111, 4.208611",2025-08-30T12:00:00,24.2,24.2,9.9,40.41,0,51.6,rain,0,0,23.9,16.7,151.9,1000.7,82.8,24.1,364.3,1.3,4,10,"Rain, Partially cloudy",rain,
"51.751111, 4.208611",2025-08-30T13:00:00,25.6,25.6,8.9,34.75,0,51.6,rain,0,0,24.4,17.2,153.3,1000.3,91.4,24.1,491.7,1.8,5,10,"Rain, Overcast",rain,
"51.751111, 4.208611",2025-08-30T14:00:00,27,26.4,7.9,29.88,0,51.6,rain,0,0,24.8,17.6,154.6,1000,100,24.1,619,2.2,6,10,"Rain, Overcast",rain,
"51.751111, 4.208611",2025-08-30T15:00:00,26,26,8.7,33.49,0,38.7,,0,0,21.1,15,203.5,1000,97.5,24.1,484,1.7,5,10,Overcast,cloudy,
"51.751111, 4.208611",2025-08-30T16:00:00,25.1,25.1,9.6,37.52,0,38.7,,0,0,17.4,12.4,252.3,1000,95,24.1,349,1.3,3,10,Overcast,cloudy,
"51.751111, 4.208611",2025-08-30T17:00:00,24.2,24.2,10.5,42.04,0,38.7,,0,0,13.7,9.7,301.2,1000,92.5,24.1,214,0.8,2,10,Overcast,cloudy,
"51.751111, 4.208611",2025-08-30T18:00:00,21.6,21.6,11.9,54.01,0,38.7,,0,0,13.1,9.5,286.8,1000.3,95,24.1,151.3,0.6,2,10,Overcast,cloudy,
"51.751111, 4.208611",2025-08-30T19:00:00,19,19,13.3,69.53,0,38.7,,0,0,12.5,9.2,272.3,1000.7,97.5,24.1,88.7,0.3,1,10,Overcast,cloudy,
"51.751111, 4.208611",2025-08-30T20:00:00,16.5,16.5,14.8,89.69,1.3,38.7,rain,0,0,11.9,9,257.9,1001,100,24.1,26,0.1,0,10,Overcast,cloudy,
"51.751111, 4.208611",2025-08-30T21:00:00,16.4,16.4,14.7,89.68,0,67.7,rain,0,0,9.2,7.2,229.2,1001.3,100,24.1,17.3,0.1,0,10,"Rain, Overcast",rain,
"51.751111, 4.208611",2025-08-30T22:00:00,16.3,16.3,14.6,89.68,0,67.7,rain,0,0,6.6,5.4,200.6,1001.7,100,24.1,8.7,0,0,10,"Rain, Overcast",rain,
"51.751111, 4.208611",2025-08-30T23:00:00,16.3,16.3,14.6,89.67,1,67.7,rain,0,0,4,3.6,171.9,1002,100,24.1,0,0,0,10,"Rain, Overcast",rain,
"51.751111, 4.208611",2025-08-31T00:00:00,16.1,16.1,14.7,91.22,0,67.7,rain,0,0,6.1,4.7,193.2,1002,100,24.1,0,0,0,10,"Rain, Overcast",rain,
"51.751111, 4.208611",2025-08-31T01:00:00,16,16,14.8,92.79,0,67.7,rain,0,0,8.3,5.8,214.6,1002,99.9,24.1,0,0,0,10,"Rain, Overcast",rain,
"51.751111, 4.208611",2025-08-31T02:00:00,15.9,15.9,15,94.39,0,67.7,rain,0,0,10.4,6.8,235.9,1002,99.9,24.1,0,0,0,10,"Rain, Overcast",rain,
"51.751111, 4.208611",2025-08-31T03:00:00,15.8,15.8,14.6,92.38,0,45.2,rain,0,0,8.8,6.2,234.9,1002.3,99.9,24.1,0,0,0,10,"Rain, Overcast",rain,
"51.751111, 4.208611",2025-08-31T04:00:00,15.8,15.8,14.2,90.41,0,45.2,rain,0,0,7.1,5.6,233.9,1002.7,100,24.1,0,0,0,10,"Rain, Overcast",rain,
"51.751111, 4.208611",2025-08-31T05:00:00,15.8,15.8,13.9,88.48,0,45.2,rain,0,0,5.4,5,232.9,1003,100,24.1,0,0,0,10,"Rain, Overcast",rain,
"51.751111, 4.208611",2025-08-31T06:00:00,15.5,15.5,13.7,89.03,0,45.2,rain,0,0,9.4,6.5,229,1003.3,100,24.1,0.3,0,0,10,"Rain, Overcast",rain,
"51.751111, 4.208611",2025-08-31T07:00:00,15.3,15.3,13.6,89.6,0,45.2,rain,0,0,13.3,7.9,225.1,1003.7,100,24.1,0.7,0,0,10,"Rain, Overcast",rain,
"51.751111, 4.208611",2025-08-31T08:00:00,15.1,15.1,13.5,90.16,0.2,45.2,rain,0,0,17.3,9.4,221.2,1004,100,24.1,1,0,0,10,"Rain, Overcast",rain,
"51.751111, 4.208611",2025-08-31T09:00:00,15.4,15.4,13.5,88.44,0,45.2,rain,0,0,16.2,8.8,218.6,1004.3,100,24.1,9.3,0,0,10,"Rain, Overcast",rain,
"51.751111, 4.208611",2025-08-31T10:00:00,15.7,15.7,13.5,86.76,0,45.2,rain,0,0,15.1,8.2,216,1004.7,100,24.1,17.7,0.1,0,10,"Rain, Overcast",rain,
"51.751111, 4.208611",2025-08-31T11:00:00,16,16,13.5,85.11,0,45.2,rain,0,0,14,7.6,213.4,1005,100,24.1,26,0.1,0,10,"Rain, Overcast",rain,
"51.751111, 4.208611",2025-08-31T12:00:00,16.9,16.9,13.2,78.82,0,45.2,rain,0,0,13.2,8.5,218.6,1005.3,100,24.1,77,0.3,1,10,"Rain, Overcast",rain,
"51.751111, 4.208611",2025-08-31T13:00:00,17.8,17.8,12.9,73.03,0,45.2,rain,0,0,12.4,9.5,223.7,1005.7,100,24.1,128,0.4,1,10,"Rain, Overcast",rain,
"51.751111, 4.208611",2025-08-31T14:00:00,18.8,18.8,12.7,67.68,0,45.2,rain,0,0,11.5,10.4,228.9,1006,100,24.1,179,0.6,2,10,"Rain, Overcast",rain,
"51.751111, 4.208611",2025-08-31T15:00:00,19.6,19.6,12.2,62.05,0,38.7,,0,0,11.2,10.7,246.1,1006.3,92.2,24.1,264.7,0.9,3,10,Overcast,cloudy,
"51.751111, 4.208611",2025-08-31T16:00:00,20.5,20.5,11.7,56.91,0,38.7,,0,0,10.8,10.9,263.2,1006.7,84.5,24.1,350.3,1.3,4,10,Partially cloudy,partly-cloudy-day,
"51.751111, 4.208611",2025-08-31T17:00:00,21.4,21.4,11.2,52.2,0,38.7,,0,0,10.4,11.2,280.4,1007,76.7,24.1,436,1.6,4,10,Partially cloudy,partly-cloudy-day,
"51.751111, 4.208611",2025-08-31T18:00:00,20.4,20.4,11.5,56.64,0,38.7,,0,0,10.7,10.1,295.2,1007,82.6,24.1,356,1.3,4,10,Partially cloudy,partly-cloudy-day,
"51.751111, 4.208611",2025-08-31T19:00:00,19.5,19.5,11.9,61.48,0,38.7,,0,0,10.9,9,310,1007,88.6,24.1,276,1,3,10,Partially cloudy,partly-cloudy-day,
"51.751111, 4.208611",2025-08-31T20:00:00,18.6,18.6,12.3,66.76,0,38.7,,0,0,11.2,7.9,324.8,1007,94.5,24.1,196,0.7,2,10,Overcast,cloudy,
"51.751111, 4.208611",2025-08-31T21:00:00,17.4,17.4,12.6,72.96,0,67.7,rain,0,0,10.2,7.8,318.1,1007.7,96.3,24.1,130.7,0.5,0,10,"Rain, Overcast",rain,
"51.751111, 4.208611",2025-08-31T22:00:00,16.4,16.4,12.9,79.78,0,67.7,rain,0,0,9.2,7.7,311.3,1008.3,98.2,24.1,65.3,0.2,0,10,"Rain, Overcast",rain,
"51.751111, 4.208611",2025-08-31T23:00:00,15.3,15.3,13.2,87.29,0,67.7,rain,0,0,8.3,7.6,304.6,1009,100,24.1,0,0,0,10,"Rain, Overcast",rain,
"51.751111, 4.208611",2025-09-01T00:00:00,15.2,15.2,13.1,87.66,0,67.7,rain,0,0,8,7.6,281.4,1009.3,100,24.1,0,0,0,10,"Rain, Overcast",rain,
"51.751111, 4.208611",2025-09-01T01:00:00,15.1,15.1,13.1,88.03,0,67.7,rain,0,0,7.8,7.6,258.2,1009.7,100,24.1,0,0,0,10,"Rain, Overcast",rain,
"51.751111, 4.208611",2025-09-01T02:00:00,15,15,13.1,88.41,0,67.7,rain,0,0,7.6,7.6,235,1010,100,24.1,0,0,0,10,"Rain, Overcast",rain,
"51.751111, 4.208611",2025-09-01T03:00:00,15.1,15.1,13.3,89.38,0,48.4,rain,0,0,13.1,8.9,240.1,1010,69.4,24.1,0,0,0,10,"Rain, Partially cloudy",rain,
"51.751111, 4.208611",2025-09-01T04:00:00,15.2,15.2,13.6,90.37,0,48.4,rain,0,0,18.6,10.2,245.3,1010,38.8,24.1,0,0,0,10,"Rain, Partially cloudy",rain,
"51.751111, 4.208611",2025-09-01T05:00:00,15.3,15.3,13.9,91.36,0,48.4,rain,0,0,24.1,11.5,250.4,1010,8.2,24.1,0,0,0,10,Rain,rain,
"51.751111, 4.208611",2025-09-01T06:00:00,15.7,15.7,14.1,90.41,0,48.4,rain,0,0,23.3,11.3,247.8,1010,38.8,23.9,3.3,0,0,10,"Rain, Partially cloudy",rain,
"51.751111, 4.208611",2025-09-01T07:00:00,16.1,16.1,14.4,89.47,0,48.4,rain,0,0,22.4,11,245.1,1010,69.4,23.6,6.7,0,0,10,"Rain, Partially cloudy",rain,
"51.751111, 4.208611",2025-09-01T08:00:00,16.6,16.6,14.7,88.54,0.3,48.4,rain,0,0,21.6,10.8,242.5,1010,100,23.4,10,0,0,10,"Rain, Overcast",rain,
"51.751111, 4.208611",2025-09-01T09:00:00,16.8,16.8,14.4,85.75,0,51.6,rain,0,0,24.1,12.8,262,1010.7,100,23.6,27.7,0.1,0,10,"Rain, Overcast",rain,
"51.751111, 4.208611",2025-09-01T10:00:00,17,17,14.1,83.04,0,51.6,rain,0,0,26.6,14.9,281.4,1011.3,100,23.9,45.3,0.1,0,10,"Rain, Overcast",rain,
"51.751111, 4.208611",2025-09-01T11:00:00,17.2,17.2,13.8,80.41,0.5,51.6,rain,0,0,29.2,16.9,300.9,1012,100,24.1,63,0.2,1,10,"Rain, Overcast",rain,
"51.751111, 4.208611",2025-09-01T12:00:00,17.9,17.9,13.1,73.36,0,51.6,rain,0,0,29.9,19.9,296.5,1012.7,66.7,24.1,179,0.6,2,10,"Rain, Partially cloudy",rain,
"51.751111, 4.208611",2025-09-01T13:00:00,18.7,18.7,12.4,66.93,0,51.6,rain,0,0,30.6,22.9,292.2,1013.3,33.3,24.1,295,1.1,3,10,"Rain, Partially cloudy",rain,
"51.751111, 4.208611",2025-09-01T14:00:00,19.5,19.5,11.8,61.07,0.8,51.6,rain,0,0,31.3,25.9,287.8,1014,0,24.1,411,1.5,4,10,Rain,rain,
"51.751111, 4.208611",2025-09-01T15:00:00,19.9,19.9,11.1,56.89,0,45.2,rain,0,0,30.5,24.5,284.3,1014.3,0,24.1,483,1.8,5,10,Rain,rain,
"51.751111, 4.208611",2025-09-01T16:00:00,20.4,20.4,10.5,52.99,0,45.2,rain,0,0,29.6,23,280.7,1014.7,0,24.1,555,2,6,10,Rain,rain,
"51.751111, 4.208611",2025-09-01T17:00:00,20.9,20.9,9.9,49.36,0,45.2,rain,0,0,28.8,21.6,277.2,1015,0,24.1,627,2.3,6,10,Rain,rain,
"51.751111, 4.208611",2025-09-01T18:00:00,20,20,10.3,53.49,0,45.2,rain,0,0,26.9,18.8,270.9,1015.3,1.7,24.1,500.3,1.8,5,10,Rain,rain,
"51.751111, 4.208611",2025-09-01T19:00:00,19.2,19.2,10.7,57.98,0,45.2,rain,0,0,25,16.1,264.6,1015.7,3.4,24.1,373.7,1.4,4,10,Rain,rain,
"51.751111, 4.208611",2025-09-01T20:00:00,18.4,18.4,11.2,62.86,0,45.2,rain,0,0,23,13.3,258.3,1016,5.1,24.1,247,0.9,2,10,Rain,rain,
"51.751111, 4.208611",2025-09-01T21:00:00,17.7,17.7,11.5,66.87,0,51.6,rain,0,0,26.4,14.2,245.8,1016,7.9,24.1,164.7,0.6,0,10,Rain,rain,
"51.751111, 4.208611",2025-09-01T22:00:00,17,17,11.8,71.14,0,51.6,rain,0,0,29.8,15,233.3,1016,10.7,24.1,82.3,0.3,0,10,Rain,rain,
"51.751111, 4.208611",2025-09-01T23:00:00,16.4,16.4,12.1,75.7,0,51.6,rain,0,0,33.1,15.8,220.8,1016,13.5,24.1,0,0,0,10,Rain,rain,
"51.751111, 4.208611",2025-09-02T00:00:00,16.2,16.2,12.2,77.18,0,51.6,rain,0,0,34.1,16.1,219.4,1016,34.1,24.1,0,0,0,10,"Rain, Partially cloudy",rain,
"51.751111, 4.208611",2025-09-02T01:00:00,16,16,12.3,78.7,0,51.6,rain,0,0,35,16.3,218,1016,54.6,24.1,0,0,0,3,"Rain, Partially cloudy",rain,
"51.751111, 4.208611",2025-09-02T02:00:00,15.9,15.9,12.5,80.24,0.1,51.6,rain,0,0,36,16.6,216.6,1016,75.2,24.1,0,0,0,3,"Rain, Partially cloudy",rain,
"51.751111, 4.208611",2025-09-02T03:00:00,16.2,16.2,12.3,77.7,0,51.6,rain,0,0,35.6,16.6,230.4,1016,73.1,24.1,0,0,0,10,"Rain, Partially cloudy",rain,
"51.751111, 4.208611",2025-09-02T04:00:00,16.6,16.6,12.2,75.24,0,51.6,rain,0,0,35.3,16.6,244.2,1016,71.1,24.1,0,0,0,10,"Rain, Partially cloudy",rain,
"51.751111, 4.208611",2025-09-02T05:00:00,17,17,12.1,72.87,0.1,51.6,rain,0,0,34.9,16.6,258,1016,69,24.1,0,0,0,10,"Rain, Partially cloudy",rain,
"51.751111, 4.208611",2025-09-02T06:00:00,17,17,12.4,74.33,0,51.6,rain,0,0,32.3,16,261.4,1016.3,47.7,24.1,4,0,0,10,"Rain, Partially cloudy",rain,
"51.751111, 4.208611",2025-09-02T07:00:00,17,17,12.7,75.81,0,51.6,rain,0,0,29.6,15.4,264.7,1016.7,26.3,24.1,8,0,0,10,"Rain, Partially cloudy",rain,
"51.751111, 4.208611",2025-09-02T08:00:00,17.1,17.1,13.1,77.32,0,51.6,rain,0,0,27,14.8,268.1,1017,5,24.1,12,0,0,10,Rain,rain,
"51.751111, 4.208611",2025-09-02T09:00:00,17.9,17.9,13.2,73.68,0,35.5,,0,0,25.4,15.8,269.6,1017.3,21.4,24.1,113.7,0.4,1,10,Partially cloudy,partly-cloudy-day,
"51.751111, 4.208611",2025-09-02T10:00:00,18.8,18.8,13.3,70.24,0,35.5,,0,0,23.9,16.9,271,1017.7,37.9,24.1,215.3,0.7,2,10,Partially cloudy,partly-cloudy-day,
"51.751111, 4.208611",2025-09-02T11:00:00,19.7,19.7,13.4,66.99,0.3,35.5,rain,0,0,22.3,18,272.5,1018,54.3,24.1,317,1.1,3,10,Partially cloudy,partly-cloudy-day,
"51.751111, 4.208611",2025-09-02T12:00:00,20.2,20.2,13.1,63.42,0,35.5,,0,0,22.9,18.2,270.6,1018,38.8,24.1,418.3,1.5,4,10,Partially cloudy,partly-cloudy-day,
"51.751111, 4.208611",2025-09-02T13:00:00,20.8,20.8,12.8,60.05,0,35.5,,0,0,23.5,18.5,268.8,1018,23.4,24.1,519.7,1.8,5,10,Partially cloudy,partly-cloudy-day,
"51.751111, 4.208611",2025-09-02T14:00:00,21.4,21.4,12.5,56.87,0.3,35.5,rain,0,0,24.1,18.7,266.9,1018,7.9,24.1,621,2.2,6,10,Clear,clear-day,
"51.751111, 4.208611",2025-09-02T15:00:00,21.3,21.3,12.4,56.85,0,41.9,,0,0,25.4,18.4,268.5,1017.7,38.6,24.1,611.7,2.2,6,10,Partially cloudy,partly-cloudy-day,
"51.751111, 4.208611",2025-09-02T16:00:00,21.2,21.2,12.3,56.82,0,41.9,,0,0,26.8,18,270.2,1017.3,69.3,24.1,602.3,2.1,6,10,Partially cloudy,partly-cloudy-day,
"51.751111, 4.208611",2025-09-02T17:00:00,21.1,21.1,12.2,56.8,0.1,41.9,rain,0,0,28.1,17.6,271.8,1017,100,24.1,593,2.1,6,10,Overcast,cloudy,
"51.751111, 4.208611",2025-09-02T18:00:00,20,20,12.4,61.73,0,41.9,,0,0,24.6,15.1,265.6,1016.7,100,24.1,461.3,1.6,5,10,Overcast,cloudy,
"51.751111, 4.208611",2025-09-02T19:00:00,18.9,18.9,12.7,67.13,0,41.9,,0,0,21.1,12.6,259.5,1016.3,100,24.1,329.7,1.2,3,10,Overcast,cloudy,
"51.751111, 4.208611",2025-09-02T20:00:00,17.9,17.9,13,73.03,0,41.9,,0,0,17.6,10.1,253.3,1016,100,24.1,198,0.7,2,10,Overcast,cloudy,
"51.751111, 4.208611",2025-09-02T21:00:00,17.5,17.5,13,75.06,0,45.2,rain,0,0,16.8,10,228.8,1015.7,100,24.1,132,0.5,0,10,"Rain, Overcast",rain,
"51.751111, 4.208611",2025-09-02T22:00:00,17.1,17.1,13.1,77.16,0,45.2,rain,0,0,16,9.8,204.3,1015.3,100,24.1,66,0.2,0,10,"Rain, Overcast",rain,
"51.751111, 4.208611",2025-09-02T23:00:00,16.8,16.8,13.2,79.32,0,45.2,rain,0,0,15.1,9.7,179.8,1015,100,24.1,0,0,0,10,"Rain, Overcast",rain,
"51.751111, 4.208611",2025-09-03T00:00:00,16.4,16.4,12.9,79.44,0,45.2,rain,0,0,20.4,10.8,174,1014.7,80.4,24.1,0,0,0,10,"Rain, Partially cloudy",rain,
"51.751111, 4.208611",2025-09-03T01:00:00,16.1,16.1,12.6,79.57,0,45.2,rain,0,0,25.7,11.9,168.2,1014.3,60.7,24.1,0,0,0,10,"Rain, Partially cloudy",rain,
"51.751111, 4.208611",2025-09-03T02:00:00,15.8,15.8,12.3,79.7,0,45.2,rain,0,0,31,13,162.4,1014,41.1,24.1,0,0,0,10,"Rain, Partially cloudy",rain,
"51.751111, 4.208611",2025-09-03T03:00:00,16.1,16.1,11.2,72.56,0,32.3,,0,0,38.9,16.2,167.8,1013,60.7,24.1,0,0,0,10,Partially cloudy,partly-cloudy-night,
"51.751111, 4.208611",2025-09-03T04:00:00,16.5,16.5,10.1,66.03,0,32.3,,0,0,46.8,19.4,173.1,1012,80.4,24.1,0,0,0,10,Partially cloudy,partly-cloudy-night,
"51.751111, 4.208611",2025-09-03T05:00:00,16.9,16.9,9.1,60.05,0,32.3,,0,0,54.7,22.7,178.5,1011,100,24.1,0,0,0,10,Overcast,cloudy,
"51.751111, 4.208611",2025-09-03T06:00:00,17.3,17.3,8.8,57.38,0,32.3,,0,0,54.5,24.4,185.8,1011,98.7,24.1,2.7,0,0,10,Overcast,cloudy,
"51.751111, 4.208611",2025-09-03T07:00:00,17.7,17.7,8.5,54.84,0,32.3,,0,0,54.2,26,193.2,1011,97.4,24.1,5.3,0,0,10,Overcast,cloudy,
"51.751111, 4.208611",2025-09-03T08:00:00,18.2,18.2,8.3,52.41,0,32.3,,0,0,54,27.7,200.5,1011,96.1,24.1,8,0,0,10,Overcast,cloudy,
"51.751111, 4.208611",2025-09-03T09:00:00,19.3,19.3,9.4,52.7,0,25.8,,0,0,51.6,28.8,209.4,1011.3,97.4,24.1,53.7,0.2,1,10,Overcast,cloudy,
"51.751111, 4.208611",2025-09-03T10:00:00,20.4,20.4,10.4,52.99,0,25.8,,0,0,49.2,29.9,218.4,1011.7,98.7,24.1,99.3,0.3,1,10,Overcast,cloudy,
"51.751111, 4.208611",2025-09-03T11:00:00,21.5,21.5,11.6,53.27,0,25.8,,0,0,46.8,31,227.3,1012,100,24.1,145,0.5,1,10,Overcast,cloudy,
"51.751111, 4.208611",2025-09-03T12:00:00,21,21,12.6,58.67,0,25.8,,0,0,45.1,30,228.1,1012.3,68.8,24.1,127.3,0.4,1,10,Partially cloudy,partly-cloudy-day,
"51.751111, 4.208611",2025-09-03T13:00:00,20.5,20.5,13.6,64.59,0,25.8,,0,0,43.4,29,228.8,1012.7,37.7,24.1,109.7,0.4,1,10,Partially cloudy,partly-cloudy-day,
"51.751111, 4.208611",2025-09-03T14:00:00,20,20,14.6,71.07,0.1,25.8,rain,0,0,41.8,28.1,229.6,1013,6.5,24.1,92,0.3,1,10,Clear,clear-day,
"51.751111, 4.208611",2025-09-03T15:00:00,20.6,20.6,13.9,65.74,0,19.4,,0,0,40.3,27.2,245,1013.3,37.7,24.1,257,0.9,3,10,Partially cloudy,partly-cloudy-day,
"51.751111, 4.208611",2025-09-03T16:00:00,21.2,21.2,13.3,60.8,0,19.4,,0,0,38.9,26.4,260.3,1013.7,68.8,24.1,422,1.5,4,10,Partially cloudy,partly-cloudy-day,
"51.751111, 4.208611",2025-09-03T17:00:00,21.8,21.8,12.7,56.23,0.2,19.4,rain,0,0,37.4,25.6,275.7,1014,100,24.1,587,2.1,6,10,Overcast,cloudy,
"51.751111, 4.208611",2025-09-03T18:00:00,20.8,20.8,12.7,59.78,0,19.4,,0,0,34.7,22.3,268.4,1014.7,100,24.1,455.7,1.6,5,10,Overcast,cloudy,
"51.751111, 4.208611",2025-09-03T19:00:00,19.8,19.8,12.7,63.6,0,19.4,,0,0,31.9,19.1,261,1015.3,100,24.1,324.3,1.2,3,10,Overcast,cloudy,
"51.751111, 4.208611",2025-09-03T20:00:00,18.8,18.8,12.7,67.68,0,19.4,,0,0,29.2,15.8,253.7,1016,100,24.1,193,0.7,2,10,Overcast,cloudy,
"51.751111, 4.208611",2025-09-03T21:00:00,17.8,17.8,12.4,70.36,0,25.8,,0,0,29.4,15.4,247.3,1016.7,100,24.1,128.7,0.5,0,10,Overcast,cloudy,
"51.751111, 4.208611",2025-09-03T22:00:00,16.9,16.9,12.1,73.18,0,25.8,,0,0,29.6,14.9,240.9,1017.3,100,24.1,64.3,0.2,0,10,Overcast,cloudy,
"51.751111, 4.208611",2025-09-03T23:00:00,16,16,11.8,76.14,0,25.8,,0,0,29.9,14.4,234.5,1018,100,24.1,0,0,0,10,Overcast,cloudy,
